{
    "aspect_ratios": [
        [
            2.0,
            0.5
        ],
        [
            2.0,
            0.5,
            3.0,
            0.3333333333333333
        ],
        [
            2.0,
            0.5,
            3.0,
            0.3333333333333333
        ],
        [
            2.0,
            0.5,
            3.0,
            0.3333333333333333
        ],
        [
            2.0,
            0.5,
            3.0,
            0.3333333333333333
        ],
        [
            2.0,
            0.5,
            3.0,
            0.3333333333333333
        ]
    ],
    "base_net": "vgg16",
    "class_names": [
        "bg",
        "1m",
        "2m",
        "3m",
        "4m",
        "5m",
        "6m",
        "7m",
        "8m",
        "9m",
        "1p",
        "2p",
        "3p",
        "4p",
        "5p",
        "6p",
        "7p",
        "8p",
        "9p",
        "1s",
        "2s",
        "3s",
        "4s",
        "5s",
        "6s",
        "7s",
        "8s",
        "9s",
        "c",
        "e",
        "f",
        "h",
        "n",
        "s",
        "w"
    ],
    "input_shape": [
        512,
        512,
        3
    ],
    "model_type": "ssd300",
    "n_classes": 35,
    "scales": [
        [
            30.0
        ],
        [
            60.0,
            114.0
        ],
        [
            114.0,
            168.0
        ],
        [
            168.0,
            222.0
        ],
        [
            222.0,
            276.0
        ],
        [
            276.0,
            330.0
        ]
    ],
    "variances": [
        0.1,
        0.1,
        0.2,
        0.2
    ]
}